task,features,model,accuracy,balanced_acc,macro_f1
classification,log_ratio,SVM,0.5857142857142857,0.3709904474610357,0.3495378251932559
classification,log,SVM,0.5761904761904761,0.3658622423328306,0.34490775090270565
classification,base,XGB,0.5333333333333333,0.36064561987482885,0.35518306184972853
classification,log,XGB,0.5333333333333333,0.36064561987482885,0.35518306184972853
classification,base,SVM,0.5761904761904761,0.3469894766040811,0.3250622004641297
classification,log,RF,0.5428571428571428,0.3399698340874811,0.3193948908234623
classification,log_ratio,RF,0.5380952380952381,0.33839219153620775,0.3244903863857545
classification,base,LR,0.6047619047619047,0.3345711759504863,0.2725634725634726
classification,log,LR,0.6190476190476191,0.3333333333333333,0.25641025641025644
classification,log_ratio,LR,0.6190476190476191,0.3333333333333333,0.25641025641025644
classification,log_ratio,XGB,0.5285714285714286,0.324333836098542,0.3031058938615798
classification,base,GBM,0.5476190476190477,0.3187028657616893,0.29065137760789933
classification,log,GBM,0.5476190476190477,0.3187028657616893,0.29041499330655957
classification,base,RF,0.5238095238095238,0.3177978883861237,0.2962962962962963
classification,log_ratio,GBM,0.5285714285714286,0.3173766058147397,0.2986871679201976
classification,log_noYear,SVM,0.38095238095238093,0.3004264835907838,0.3104993302081768
classification,log_noYear,GBM,0.37142857142857144,0.29231289332709215,0.2924943610484561
classification,log_noYear,RF,0.37142857142857144,0.29132643331426294,0.29244449127490063
classification,log_noYear,XGB,0.3619047619047619,0.28321284305057126,0.2836288263039516
classification,log_noYear,LR,0.37142857142857144,0.2823702779078033,0.2725700200871907
