task,features,model,R2,RMSE,MAE
regression,log,Huber,0.30445367392696177,24.83704291577047,17.38587132973131
regression,log_ratios,Huber,0.2884485080697321,25.16457321496038,17.74144389584626
regression,log_ratios_noTotal,Huber,0.27442824921871267,25.411282558025448,18.12312758799382
regression,log,LR,0.1524742306555965,27.41658215681149,20.514578010954178
regression,log_ratios,LR,0.10232546219432126,28.264796035748276,21.24493413270256
regression,log_ratios_noTotal,LR,0.09163279769567823,28.432635991440442,21.48047006038984
regression,base,Huber,0.06218440888848398,28.840021613812127,19.231014527744122
regression,base,LR,-0.20303733300668658,32.664529695290646,21.50523298072152
regression,log_ratios,RF,-0.25998668814392834,33.48647095420612,21.581459330143538
regression,base,RF,-0.2655137022172456,33.50196519730916,21.65838666666666
regression,log_ratios,XGB,-0.29738263216116323,33.979770583495615,21.7825827955779
regression,log,RF,-0.3116297453765533,34.10691868512898,21.887395238095237
regression,log_ratios_noTotal,XGB,-0.31983887339384887,34.27258484568447,21.65072081924911
regression,log_ratios_noTotal,RF,-0.33273804791412864,34.439655669330634,21.616495215311005
regression,log_ratios,GBM,-0.383331243449581,35.087263261763574,22.365481910504542
regression,log_ratios_noTotal,GBM,-0.45388736018846143,35.97093965886309,22.410608068459926
regression,log,GBM,-0.548727289741983,37.06161435969395,23.47882136181068
regression,base,GBM,-0.5502704194348023,37.08007359361169,23.43983071239974
regression,base,XGB,-0.6163160668192342,37.86169060584155,23.195690357846875
regression,log,XGB,-0.6163160668192342,37.86169060584155,23.195690357846875
